key,key:userAccount,degree,specialisation,skills,email,link
developer-01,user-account-developer-01,"Degree","Specialisation","Skills of developer1","developer1@acmesf.com","http://AcmeSF"
developer-02,user-account-developer-02,"D","Specialisation","Skills of developer2","developer2@acmesf.com","http://AcmeSF"
developer-03,user-account-developer-03,"D--------------------------------------------------------------------------","Specialisation","Skills of developer3","developer2@acmesf.com","http://AcmeJob"
developer-04,user-account-developer-04,"De","Specialisation","Skills of developer1","developer1@acmesf.com","http://AcmeSF"
developer-05,user-account-developer-05,"D-------------------------------------------------------------------------","Specialisation","Skills of developer1","developer1@acmesf.com","http://AcmeSF"
developer-06,user-account-developer-06,"証拠","Specialisation","Skills of developer1","developer1@acmesf.com","http://AcmeSF"
developer-07,user-account-developer-07,"<h3>Prueba</h3>","Specialisation","Skills of developer1","developer1@acmesf.com","http://AcmeSF"
developer-08,user-account-developer-08,"доказательство","Specialisation","Skills of developer1","developer1@acmesf.com","http://AcmeSF"
developer-09,user-account-developer-09,"Degree","S","Skills of developer4","developer4@acmesf.com","http://AcmeSF"
developer-10,user-account-developer-10,"Degree","S---------------------------------------------------------------------------------------------------","Skills of developer5","developer5@acmesf.com","http://AcmeSF"
developer-11,user-account-developer-11,"Degree","Sp","Skills of developer1","developer1@acmesf.com","http://AcmeSF"
developer-12,user-account-developer-12,"Degree","S--------------------------------------------------------------------------------------------------","Skills of developer1","developer1@acmesf.com","http://AcmeSF"
developer-13,user-account-developer-13,"Degree","証拠","Skills of developer1","developer1@acmesf.com","http://AcmeSF"
developer-14,user-account-developer-14,"Degree","<h3>Prueba</h3>","Skills of developer1","developer1@acmesf.com","http://AcmeSF"
developer-15,user-account-developer-15,"Degree","доказательство","Skills of developer1","developer1@acmesf.com","http://AcmeSF"
developer-16,user-account-developer-16,"Degree","Specialisation","S","developer7@acmesf.com","http://AcmeSF"
developer-17,user-account-developer-17,"Degree","Specialisation","S---------------------------------------------------------------------------------------------------","developer1@acmesf.com","http://AcmeSF"
developer-18,user-account-developer-18,"Degree","Specialisation","Sk","developer1@acmesf.com","http://AcmeSF"
developer-19,user-account-developer-19,"Degree","Specialisation","S--------------------------------------------------------------------------------------------------","developer1@acmesf.com","http://AcmeSF"
developer-20,user-account-developer-20,"Degree","Specialisation","証拠","developer1@acmesf.com","http://AcmeSF"
developer-21,user-account-developer-21,"Degree","Specialisation","<h3>Prueba</h3>","developer1@acmesf.com","http://AcmeSF"
developer-22,user-account-developer-22,"Degree","Specialisation","доказательство","developer1@acmesf.com","http://AcmeSF"
developer-23,user-account-developer-23,"Degree","Specialisation","Skills of developer8","developer8@acmesf.com","http://AcmeSF"
developer-24,user-account-developer-24,"Degree","Specialisation","Skills of developer9","developer----------------------------------------------------9@acmesf.com","http://AcmeSF"
developer-25,user-account-developer-25,"Degree","Specialisation","Skills of developer1","証拠@acmesf.com","http://AcmeSF"
developer-26,user-account-developer-26,"Degree","Specialisation","Skills of developer1","доказательство@acmesf.com","http://AcmeSF"
developer-28,user-account-developer-28,"Degree","Specialisation","Skills of developer1","developer1@acmesf.com","http://AcmeSF"
developer-29,user-account-developer-29,"Degree","Specialisation","Skills of developer1","developer1@acmesf.com","http://AcmeSF--------------------------------------------------------------------------------------------------------------------------------------------------------------------------------------------------------------------------------------------------"
developer-30,user-account-developer-30,"Degree","Specialisation","Skills of developer1","developer1@acmesf.com","http://AcmeJobCon254Caracteres--------------------------------------------------------------------------------------------------------------------------------------------------------------------------------------------------------------------------------"
developer-31,user-account-developer-31,"Degree","Specialisation","Skills of developer1","developer1@acmesf.com","http://AcmeJobCon255Caracteres---------------------------------------------------------------------------------------------------------------------------------------------------------------------------------------------------------------------------------"
developer-32,user-account-developer-32,"Degree","Specialisation","Skills of developer1","developer1@acmesf.com","ftp://ftp.example.org1"
developer-33,user-account-developer-33,"Degree","Specialisation","Skills of developer1","developer1@acmesf.com","http://example.org/api?key=123456789&format=json"
developer-34,user-account-developer-34,"Degree","Specialisation","Skills of developer1","developer1@acmesf.com",