key,key:userAccount,degree,overview,certifications,link
manager-01,user-account-manager-01,Degree,Overview,Certifications,http://HellowWorld
manager-02,user-account-manager-02,D,Overview,Certifications,http://HellowWorld
manager-03,user-account-manager-03,De,Overview,Certifications,http://HellowWorld
manager-04,user-account-manager-04,DegreeCon75Caracteres------------------------------------------------------,Overview,Certifications,http://HellowWorld
manager-05,user-account-manager-05,DegreeCon74Caracteres-----------------------------------------------------,Overview,Certifications,http://HellowWorld
manager-06,user-account-manager-06,Degree de 23 caracteres,Overview,Certifications,http://HellowWorld
manager-07,user-account-manager-07,你好,Overview,Certifications,http://HellowWorld
manager-08,user-account-manager-08,<h2>Hola</h2>,Overview,Certifications,http://HellowWorld
manager-09,user-account-manager-09,'OR '5'='5,Overview,Certifications,http://HellowWorld
manager-10,user-account-manager-10,Degree,O,Certifications,http://HellowWorld
manager-11,user-account-manager-11,Degree,Ov,Certifications,http://HellowWorld
manager-12,user-account-manager-12,Degree,OverviewCon100Caracteres----------------------------------------------------------------------------,Certifications,http://HellowWorld
manager-13,user-account-manager-13,Degree,OverviewCon99Caracteres----------------------------------------------------------------------------,Certifications,http://HellowWorld
manager-14,user-account-manager-14,Degree,Overview de 25 caracteres,Certifications,http://HellowWorld
manager-15,user-account-manager-15,Degree,你好,Certifications,http://HellowWorld
manager-16,user-account-manager-16,Degree,<h2>Hola</h2>,Certifications,http://HellowWorld
manager-17,user-account-manager-17,Degree,'OR '5'='5,Certifications,http://HellowWorld
manager-18,user-account-manager-18,Degree,Overview,C,http://HellowWorld
manager-19,user-account-manager-19,Degree,Overview,Ce,http://HellowWorld
manager-20,user-account-manager-20,Degree,Overview,Certifications con 100 caracteres-------------------------------------------------------------------,http://HellowWorld
manager-21,user-account-manager-21,Degree,Overview,Certifications con 99 caracteres-------------------------------------------------------------------,http://HellowWorld
manager-22,user-account-manager-22,Degree,Overview,Certifications con 32 caracteres,http://HellowWorld
manager-23,user-account-manager-23,Degree,Overview,你好,http://HellowWorld
manager-24,user-account-manager-24,Degree,Overview,<h2>Hola</h2>,http://HellowWorld
manager-25,user-account-manager-25,Degree,Overview,'OR '5'='5,http://HellowWorld
manager-26,user-account-manager-26,Degree,Overview,Certifications,
manager-27,user-account-manager-27,Degree,Overview,Certifications,ftp://ftp.example.org
manager-28,user-account-manager-28,Degree,Overview,Certifications,http://AcmeJobCon255Caracteres---------------------------------------------------------------------------------------------------------------------------------------------------------------------------------------------------------------------------------
manager-29,user-account-manager-29,Degree,Overview,Certifications,http://AcmeJobCon254Caracteres--------------------------------------------------------------------------------------------------------------------------------------------------------------------------------------------------------------------------------
manager-30,user-account-manager-30,Degree,Overview,Certifications,http://example.com/page?param1=value1&param2=value2
manager-31,user-account-manager-31,Degree,Overview,Certifications,http://example.org/api?key=123456789&format=json
manager-32,user-account-manager-32,Degree,Overview,Certifications,ftp://ftp.example.com/file.txt?user=username&password=12345