key,instantiationMoment,title,author,message,email,link
notice-01,2022/05/28 23:59,title,"a-author,author",message,fakeemail@gmail.com,https://notice.com
notice-02,2000/01/01 00:00,title,"author-author,a",message,fakeemail@gmail.com,https://notice.com
notice-03,2000/01/01 00:01,title,"author-a,author",message,fakeemail@gmail.com,https://notice.com
notice-04,2021/05/28 12:00,title,"a-a,a",message,fakeemail@gmail.com,https://notice.com
notice-05,2021/05/28 11:59,title,"author-author,author",message,fakeemail@gmail.com,https://notice.com
notice-06,2022/05/28 23:59,t,"author-author,author",message,fakeemail@gmail.com,https://notice.com
notice-07,2022/05/28 23:59,ti,"author-author,author",message,fakeemail@gmail.com,https://notice.com
notice-08,2022/05/28 23:59,titleddddddddddddddddddddddddddddddddddddddddddddddddd-------------74chars,"author-author,author",message,fakeemail@gmail.com,https://notice.com
notice-09,2022/05/28 23:59,titleddddddddddddddddddddddddddddddddddddddddddddddddd--------------75chars,"author-author,author",message,fakeemail@gmail.com,https://notice.com
notice-10,2022/05/28 23:59,console.log(texto en codigo),"author-author,author",message,fakeemail@gmail.com,https://notice.com
notice-11,2022/05/28 23:59,タイトル,"author-author,autho",message,fakeemail@gmail.com,https://notice.com
notice-12,2022/05/28 23:59,title,"author-author,autho",message,fakeemail@gmail.com,https://notice.com
notice-13,2022/05/28 23:59,title,"author-author,autho",message,fakeemail@gmail.com,https://notice.com
notice-14,2022/05/28 23:59,title,"author-author,autho",message,fakeemail@gmail.com,https://notice.com
notice-15,2022/05/28 23:59,title,"author-author,autho",message,fakeemail@gmail.com,https://notice.com
notice-16,2022/05/28 23:59,title,"author-author,autho",message,fakeemail@gmail.com,https://notice.com
notice-17,2022/05/28 23:59,title,"author-author,autho",message,fakeemail@gmail.com,https://notice.com
notice-18,2022/05/28 23:59,title,"author-author,autho",संदेश दितात,fakeemail@gmail.com,https://notice.com
notice-19,2022/05/28 23:59,title,"author-author,autho",<button>message</button>,fakeemail@gmail.com,https://notice.com
notice-20,2022/05/28 23:59,title,"author-author,autho",m,fakeemail@gmail.com,https://notice.com
notice-21,2022/05/28 23:59,title,"author-author,autho",me,fakeemail@gmail.com,https://notice.com
notice-22,2022/05/28 23:59,title,"author-author,autho",messagedddddddddddddddddddddddddddddddddddddddddddddddd-------------75chars,fakeemail@gmail.com,https://notice.com
notice-23,2022/05/28 23:59,title,"author-author,autho",messageddddddddddddddddddddddddddddddddddddddddddddddd-------------74chars,fakeemail@gmail.com,https://notice.com
notice-24,2022/05/28 23:59,title,"author-author,autho",messagedddddddddd-------------37chars,fakeemail@gmail.com,https://notice.com
notice-25,2022/05/28 23:59,title,"author-author,autho",message,fakeemail@gmail.com,https://notice.com
notice-26,2022/05/28 23:59,titledddddddddddd-------------37chars,"author-author,autho",message,fakeemail@gmail.com,https://notice.com
notice-27,2022/05/28 23:59,title,"author-author,autho",message,l@a.o,https://notice.com
notice-28,2022/05/28 23:59,title,"author-author,autho",message,lo@as.co,https://notice.com
notice-29,2022/05/28 23:59,title,"author-author,autho",message,बनावटईमेल@gmail.com,https://notice.com
notice-30,2022/05/28 23:59,title,"author-author,autho",message,fake?¿email@gmail.com,https://notice.com
notice-31,2022/05/28 23:59,title,"author-author,autho",message,,https://notice.com
notice-33,2022/05/28 23:59,title,"author-author,autho",message,fakeemail@gmail.com,https://o.l
notice-34,2022/05/28 23:59,title,"author-author,autho",message,fakeemail@gmail.com,http://noticeasdasdasdkjsdkjasb129398213y72972891739821739871289372189371289372189372189hsidhasjkdbhasjkdhjksahdjkahsjkdhaskjdksjsjjjjjjjjjjjjjjjjjjjjjjjjjjjjjjjjjjjjjjjjjjjjjjjjjjjjjjjjjjjuwwwwwwwwuwuwuwwuuwuwuemail-------255charsuuuuuuuuuuuuuuuuuuuu.com
notice-35,2022/05/28 23:59,title,"author-author,autho",message,fakeemail@gmail.com,http://noticeasdasdasdkjsdkjasb129398213y72972891739821739871289372189371289372189372189hsidhasjkdbhasjkdhjksahdjkahsjkdhaskjdksjsjjjjjjjjjjjjjjjjjjjjjjjjjjjjjjjjjjjjjjjjjjjjjjjjjjjjjjjjjjjuwwwwwwwwuwuwuwwuuwuwuemail------254charsuuuuuuuuuuuuuuuuuuuu.com
notice-36,2022/05/28 23:59,title,"author-author,autho",message,fakeemail@gmail.com,http://noticeasdasdasdkjsdk2893721893jjjjjjjjjjjjjjjjjjjuwwwwwwwwuwuwuwwuuwuwuemail-------122charsuuuuuuuuuuuuuuuuuuuu.com
notice-37,2022/05/28 23:59,title,"author-author,autho",message,fakeemail@gmail.com,ftp://hola.com
notice-38,2022/05/28 23:59,title,"author-author,autho",message,fakeemail@gmail.com,https://बनावटईमेल.com
notice-39,2022/05/28 23:59,title,"author-author,autho",message,fakeemail@gmail.com,
