key,title,description,estimatedCost,acceptanceCriteria,priority,link,published,key:manager
userStory-00,Title,Description,1,Acceptance Criteria,MUST,http://AcmeJob,false,manager-01
userStory-01,T,Description,1,Acceptance Criteria,MUST,http://AcmeJob,false,manager-01
userStory-02,Ti,Description,1,Acceptance Criteria,MUST,http://AcmeJob,false,manager-02
userStory-03,Esto es un title de 75 caracteres------------------------------------------,Description,1,Acceptance Criteria,MUST,http://AcmeJob,false,manager-01
userStory-04,Esto es un title de 74 caracteres-----------------------------------------,Description,1,Acceptance Criteria,MUST,http://AcmeJob,false,manager-01
userStory-05,Esto es un title de 33 caracteres,Description,1,Acceptance Criteria,MUST,http://AcmeJob,false,manager-01
userStory-06,你好,Description,1,Acceptance Criteria,MUST,http://AcmeJob,false,manager-01
userStory-07,<h2>Hola</h2>,Description,1,Acceptance Criteria,MUST,http://AcmeJob,false,manager-01
userStory-08,'OR '5'='5,Description,1,Acceptance Criteria,MUST,http://AcmeJob,false,manager-01
userStory-09,Title,D,1,Acceptance Criteria,MUST,http://AcmeJob,false,manager-01
userStory-10,Title,De,1,Acceptance Criteria,MUST,http://AcmeJob,false,manager-01
userStory-11,Title,Esto es una descripcion de 100 caracteres-----------------------------------------------------------,1,Acceptance Criteria,MUST,http://AcmeJob,false,manager-01
userStory-12,Title,Esto es una descripcion de 99 caracteres-----------------------------------------------------------,1,Acceptance Criteria,MUST,http://AcmeJob,false,manager-01
userStory-13,Title,Esto es una descripcion de 40 caracteres,1,Acceptance Criteria,MUST,http://AcmeJob,false,manager-01
userStory-14,Title,你好,1,Acceptance Criteria,MUST,http://AcmeJob,false,manager-01
userStory-15,Title,<h2>Hola</h2>,1,Acceptance Criteria,MUST,http://AcmeJob,false,manager-01
userStory-16,Title,'OR '5'='5,1,Acceptance Criteria,MUST,http://AcmeJob,false,manager-01
userStory-17,Title,Description,1,Acceptance Criteria,MUST,http://AcmeJob,false,manager-01
userStory-18,Title,Description,2,Acceptance Criteria,MUST,http://AcmeJob,false,manager-01
userStory-19,Title,Description,9999,Acceptance Criteria,MUST,http://AcmeJob,false,manager-01
userStory-20,Title,Description,10000,Acceptance Criteria,MUST,http://AcmeJob,false,manager-01
userStory-21,Title,Description,8765,Acceptance Criteria,MUST,http://AcmeJob,false,manager-01
userStory-22,Title,Description,1,A,MUST,http://AcmeJob,false,manager-01
userStory-23,Title,Description,1,Ac,MUST,http://AcmeJob,false,manager-01
userStory-24,Title,Description,1,Esto son criterios de aceptacion con 100 caracteres-------------------------------------------------,MUST,http://AcmeJob,false,manager-01
userStory-25,Title,Description,1,Esto son criterios de aceptacion con 99 caracteres-------------------------------------------------,MUST,http://AcmeJob,false,manager-01
userStory-26,Title,Description,1,Esto son criterios de aceptacion con 50 caracteres,MUST,http://AcmeJob,false,manager-01
userStory-27,Title,Description,1,你好,MUST,http://AcmeJob,false,manager-01
userStory-28,Title,Description,1,<h2>Hola</h2>,MUST,http://AcmeJob,false,manager-01
userStory-29,Title,Description,1,'OR '5'='5,MUST,http://AcmeJob,true,manager-01
userStory-30,Title,Description,1,Acceptance Criteria,SHOULD,http://AcmeJob,false,manager-01
userStory-31,Title,Description,1,Acceptance Criteria,COULD,http://AcmeJob,true,manager-01
userStory-32,Title,Description,1,Acceptance Criteria,WONT,http://AcmeJob,false,manager-01
userStory-33,Title,Description,1,Acceptance Criteria,MUST,http://AcmeJob,false,manager-01
userStory-34,Title,Description,1,Acceptance Criteria,MUST,,false,manager-01
userStory-35,Title,Description,1,Acceptance Criteria,MUST,ftp://ftp.example.org1,false,manager-01
userStory-36,Title,Description,1,Acceptance Criteria,MUST,http://AcmeJob,false,manager-01
userStory-37,Title,Description,1,Acceptance Criteria,MUST,http://AcmeJob,false,manager-01
userStory-38,Title,Description,1,Acceptance Criteria,MUST,http://example.com/page?param1=value1&param2=value2,false,manager-01
userStory-39,Title,Description,1,Acceptance Criteria,MUST,http://example.org/api?key=123456789&format=json,true,manager-01
userStory-40,Title,Description,1,Acceptance Criteria,MUST,ftp://ftp.example.com/file.txt?user=username&password=12345,false,manager-01
userStory-41,Title,Description,1,Acceptance Criteria,MUST,http://acmejob254caracteres----------------------------------------------------------------------------------------------------------------------------------------------------------------------------------------------------------------------------------/,false,manager-01
userStory-42,Title,Description,1,Acceptance Criteria,MUST,http://acmejob255caracteres-----------------------------------------------------------------------------------------------------------------------------------------------------------------------------------------------------------------------------------/,false,manager-01
userStory-43,Title,Description,1,Acceptance Criteria,MUST,http://AcmeJob,false,manager-01
userStory-44,Title,Description,1,Acceptance Criteria,MUST,http://AcmeJob,true,manager-01
userStory-45,Title,Description,1,Acceptance Criteria,MUST,http://AcmeJob,false,manager-02